period,weight
summer_peak,0.15694488498863787
summer_offpeak,0.3404762445008772
winter_peak,0.13591544404379866
winter_midpeak,0.2028652420263728
winter_offpeak,0.16379818444031363
