period,weight
summer_peak,0.13854192794377282
summer_offpeak,0.30175312
winter_peak,0.12634064762412545
winter_offpeak,0.433364305